alpha,alpha3,batch_size,critic1_error,critic2_error,distribution_loss,end_cost,entropy,eplenmean,eplrewmean,eprewmean,labda,lr_a,lr_c,lr_l,lyapunov_error,policy_loss,target_entropy,tau,total_timesteps,violation_times
0.9596138,1.0,256,2233.0981,2288.1423,nan,0.0,-0.79200256,51.6,0.0,-2320.2239088441574,1.0,9.967866666666667e-05,0.000299036,0.000299036,2.5107414e-05,198.16252,-1,0.005,2048,0.5
0.9561216,,,3013.155,3078.4624,nan,0.0,-0.8409112,202.7,0.0,-62.49891405407921,1.0,9.940016666666668e-05,0.0002982005,0.0002982005,2.4968558e-05,235.63835,,,4096,5.5
0.97142184,,,4961.689,5032.413,nan,0.0,-1.028009,412.3,0.0,1613.433939472921,1.0,9.899916666666668e-05,0.00029699749999999997,0.00029699749999999997,2.2604376e-05,285.51367,,,6144,5.5
1.0192137,,,6281.542,6368.7686,nan,0.0,-1.1596162,418.3,0.0,-522.6689989958255,1.0,9.870300000000001e-05,0.00029610899999999997,0.00029610899999999997,1.6416387e-05,297.2746,,,8192,0.0
1.0699347,,,5595.6953,5675.238,nan,0.0,-1.1439553,418.3,0.0,-1872.3460913876013,1.0,9.836966666666667e-05,0.000295109,0.000295109,1.3537562e-05,281.8031,,,10240,0.0
1.1560624,,,4001.4429,4048.1187,nan,0.0,-1.063798,432.7,0.0,1297.1289411933526,1.0,9.798183333333334e-05,0.0002939455,0.0002939455,1.5292799e-05,208.07877,,,12288,0.0
1.2071825,,,3365.2212,3411.5884,nan,0.0,-1.0385296,432.7,0.0,4539.743506452529,1.0,9.76485e-05,0.0002929455,0.0002929455,1.3596735e-05,129.3307,,,14336,0.0
