alpha,alpha3,batch_size,critic1_error,critic2_error,distribution_loss,end_cost,entropy,eplenmean,eplrewmean,eprewmean,labda,lr_a,lr_c,lr_l,lyapunov_error,policy_loss,target_entropy,tau,total_timesteps,violation_times
0.9596138,1.0,256,2233.0981,2288.1423,nan,0.0,-0.79200256,51.6,0.0,-2320.2239088441574,1.0,9.967866666666667e-05,0.000299036,0.000299036,2.5107414e-05,198.16252,-1,0.005,2048,0.5
0.9561216,,,3013.155,3078.4624,nan,0.0,-0.8409112,202.7,0.0,-62.49891405407921,1.0,9.940016666666668e-05,0.0002982005,0.0002982005,2.4968558e-05,235.63835,,,4096,5.5
