alpha,alpha3,batch_size,critic1_error,critic2_error,end_cost,entropy,eplenmean,eplrewmean,eprewmean,labda,lr_a,lr_c,lr_l,lyapunov_error,policy_loss,target_entropy,tau,total_timesteps,violation_times
0.91968524,1.0,256,5123.0107,5194.395,0.0,-0.12405918,30.5,0.0,-1126.894389829085,1.0,9.965966666666667e-05,0.000298979,0.000298979,0.00012984725,277.96487,-1,0.005,2048,0.0
0.83652925,,,17671.73,17658.371,0.0028970209231218135,-0.2813539,24.5,0.006820871056478427,-1012.2759850904097,1.0,9.931833333333333e-05,0.000297955,0.000297955,0.009847751,543.4289,,,4096,0.6
0.7687159,,,10078.03,10116.3125,3.654266511616167e-05,-0.58480334,19.4,4.204398648740931e-05,-766.839012212674,1.0,9.897983333333334e-05,0.0002969395,0.0002969395,0.004087542,654.1179,,,6144,0.2
0.72948426,,,9450.16,9577.945,0.0,-0.63724226,16.4,0.0,-961.5602612341654,1.0727164,9.863516666666667e-05,0.00029590549999999996,0.00029590549999999996,0.0015823884,712.65454,,,8192,0.0
0.7014893,,,4821.5728,4975.4805,0.0008754839940143735,-0.80383027,21.6,0.002309872942094047,-793.3183522768057,1.1709044,9.829383333333334e-05,0.0002948815,0.0002948815,0.0026929986,690.9829,,,10240,0.7
