alpha,alpha3,batch_size,critic1_error,critic2_error,end_cost,entropy,eplenmean,eplrewmean,eprewmean,labda,lr_a,lr_c,lr_l,lyapunov_error,policy_loss,target_entropy,tau,total_timesteps,violation_times
0.9708184,1.0,256,1800.9504,1697.4846,1.120545001997011,-0.9224353,118.5,40.07014934533309,-2017.2755105816552,1.0,9.9696e-05,0.000299088,0.000299088,0.009547243,134.61845,-1,0.005,2048,23.4
0.9897686,,,3096.2024,3083.8987,0.0,-1.2035437,250.0,0.0,1281.2660215309627,1.0,9.9321e-05,0.000297963,0.000297963,0.28697217,208.22237,,,4096,0.0
1.0450226,,,3642.232,3644.082,0.0,-1.2253864,250.0,0.0,2890.9136085469386,1.0,9.898766666666666e-05,0.00029696299999999997,0.00029696299999999997,0.14773916,176.59122,,,6144,0.0
