alpha,alpha3,batch_size,critic1_error,critic2_error,distribution_loss,end_cost,entropy,eplenmean,eplrewmean,eprewmean,labda,lr_a,lr_c,lr_l,lyapunov_error,policy_loss,target_entropy,tau,total_timesteps,violation_times
0.9692298,1.0,256,2358.3674,2525.7217,nan,0.0,-1.0757626,98.9,2.9229048203764405,-3076.0057482589714,1.0,9.967483333333334e-05,0.00029902449999999996,0.00029902449999999996,0.017704446,182.89459,-1,0.005,2048,5.3
0.91495264,,,7720.0845,7781.9414,nan,0.14498236551817273,-0.35068637,35.2,1.9803796133551728,-1530.673284976837,1.0,9.9319e-05,0.00029795699999999995,0.00029795699999999995,0.0102006765,459.32803,,,4096,0.0
0.84824973,,,22052.846,21434.97,nan,0.0,-1.4860992,13.2,0.6108131721340322,-607.5264199218366,1.0,9.897633333333334e-05,0.000296929,0.000296929,0.031078305,663.55225,,,6144,0.0
0.9388092,,,5407.6763,5352.8647,nan,0.0,-1.7681023,9.6,0.47973861288517783,-506.6801569386647,1.0,9.863883333333334e-05,0.00029591649999999997,0.00029591649999999997,0.016112726,607.4142,,,8192,1.0
1.0575358,,,10826.869,10880.011,-4.1827936,0.0,-1.6436884,8.4,0.43663341418990154,-614.6190127709085,0.99617755,9.829383333333334e-05,0.0002948815,0.0002948815,0.06666709,538.3292,,,10240,0.0
1.1168543,,,5391.814,5369.9897,-12.572493,0.3998680498134039,-1.452548,18.4,627.333538025094,-695.4009189404699,0.8519287,9.795316666666668e-05,0.0002938595,0.0002938595,904.67395,532.6007,,,12288,0.8
